{
	"__comment": "mcresourcepack.com",
	"parent": "minecraft:trident",
	"textures": {
		"particle": "item/t",
		"texture": "item/t"
	},
	"elements": [ 	 
		{
			"__comment": "Box1",
			"from": [ 5.5, 17.5, -3.875 ],
			"to": [ 10.5, 21.5, 7.125 ],
			"faces": {
				"down": { "uv": [ 0, 0, 3, 2.75 ], "texture": "#texture" },
				"up": { "uv": [ 0, 0, 3, 2.75 ], "texture": "#texture" },
				"north": { "uv": [ 0, 0, 3, 3 ], "texture": "#texture" },
				"south": { "uv": [ 0, 0, 3, 3 ], "texture": "#texture" },
				"west": { "uv": [ 0, 0, 2.75, 3 ], "texture": "#texture" },
				"east": { "uv": [ 0, 0, 1.5, 1.5 ], "texture": "#texture" }
			}
		},
		{
			"__comment": "Box1",
			"from": [ -3, 15.5, -2.5 ],
			"to": [ 19, 23.5, 5.5 ],
			"faces": {
				"down": { "uv": [ 0, 6, 16, 8 ], "texture": "#texture" },
				"up": { "uv": [ 0, 0, 16, 2 ], "texture": "#texture" },
				"north": { "uv": [ 0, 0.5, 16, 7.5 ], "texture": "#texture" },
				"south": { "uv": [ 0, 0.5, 16, 7.5 ], "texture": "#texture" },
				"west": { "uv": [ 10.5, 0.5, 16, 7.5 ], "texture": "#texture", "rotation": 270 },
				"east": { "uv": [ 10.5, 0.5, 16, 7.5 ], "texture": "#texture", "rotation": 90 }
			}
		},
		{
			"__comment": "Box1",
			"from": [ 6.25, 17.75, 10 ],
			"to": [ 9.75, 21.25, 11 ],
			"faces": {
				"down": { "uv": [ 0, 16, 6.5, 15 ], "texture": "#texture" },
				"up": { "uv": [ 0, 15, 6, 16 ], "texture": "#texture" },
				"north": { "uv": [ 4.5, 15, 10, 16 ], "texture": "#texture" },
				"south": { "uv": [ 7.5, 15, 11, 16 ], "texture": "#texture" },
				"west": { "uv": [ 0, 15, 6, 16 ], "texture": "#texture", "rotation": 270 },
				"east": { "uv": [ 7, 15, 12.5, 16 ], "texture": "#texture", "rotation": 90 }
			}
		},
		{
			"__comment": "Box1",
			"from": [ -2, 15, -3.5 ],
			"to": [ 18, 24, 6.5 ],
			"faces": {
				"down": { "uv": [ 0, 0, 16, 6.5 ], "texture": "#texture" },
				"up": { "uv": [ 0, 0, 16, 6.5 ], "texture": "#texture" },
				"north": { "uv": [ 0, 0, 16, 1 ], "texture": "#texture" },
				"south": { "uv": [ 0, 4, 16, 8 ], "texture": "#texture" },
				"west": { "uv": [ 0, 0, 16, 8 ], "texture": "#texture", "rotation": 270 },
				"east": { "uv": [ 0, 0, 16, 8 ], "texture": "#texture", "rotation": 90 }
			}
		},
		{
			"__comment": "Box1",
			"from": [ 6.5, 18, 6.5 ],
			"to": [ 9.5, 21, 25 ],
			"faces": {
				"down": { "uv": [ 0, 15, 3, 8 ], "texture": "#texture" },
				"up": { "uv": [ 0, 8, 3, 15 ], "texture": "#texture" },
				"north": { "uv": [ 0, 8, 2.5, 15 ], "texture": "#texture" },
				"south": { "uv": [ 13, 8, 16, 15 ], "texture": "#texture" },
				"west": { "uv": [ 5, 8, 8, 15 ], "texture": "#texture", "rotation": 270 },
				"east": { "uv": [ 10, 8, 13, 15 ], "texture": "#texture", "rotation": 90 }
			}
		},
		{
			"__comment": "Box1",
			"from": [ 6.25, 17.75, 13 ],
			"to": [ 9.75, 21.25, 14 ],
			"faces": {
				"down": { "uv": [ 0, 16, 6.5, 15 ], "texture": "#texture" },
				"up": { "uv": [ 0, 15, 6, 16 ], "texture": "#texture" },
				"north": { "uv": [ 4.5, 15, 10, 16 ], "texture": "#texture" },
				"south": { "uv": [ 7.5, 15, 11, 16 ], "texture": "#texture" },
				"west": { "uv": [ 0, 15, 6, 16 ], "texture": "#texture", "rotation": 270 },
				"east": { "uv": [ 7, 15, 12.5, 16 ], "texture": "#texture", "rotation": 90 }
			}
		},
		{
			"__comment": "Box1",
			"from": [ 6.25, 17.75, 16 ],
			"to": [ 9.75, 21.25, 17 ],
			"faces": {
				"down": { "uv": [ 0, 16, 6.5, 15 ], "texture": "#texture" },
				"up": { "uv": [ 0, 15, 6, 16 ], "texture": "#texture" },
				"north": { "uv": [ 4.5, 15, 10, 16 ], "texture": "#texture" },
				"south": { "uv": [ 7.5, 15, 11, 16 ], "texture": "#texture" },
				"west": { "uv": [ 0, 15, 6, 16 ], "texture": "#texture", "rotation": 270 },
				"east": { "uv": [ 7, 15, 12.5, 16 ], "texture": "#texture", "rotation": 90 }
			}
		},
		{
			"__comment": "Box1",
			"from": [ 6.25, 17.75, 19 ],
			"to": [ 9.75, 21.25, 20 ],
			"faces": {
				"down": { "uv": [ 0, 16, 6.5, 15 ], "texture": "#texture" },
				"up": { "uv": [ 0, 15, 6, 16 ], "texture": "#texture" },
				"north": { "uv": [ 4.5, 15, 10, 16 ], "texture": "#texture" },
				"south": { "uv": [ 7.5, 15, 11, 16 ], "texture": "#texture" },
				"west": { "uv": [ 0, 15, 6, 16 ], "texture": "#texture", "rotation": 270 },
				"east": { "uv": [ 7, 15, 12.5, 16 ], "texture": "#texture", "rotation": 90 }
			}
		},
		{
			"__comment": "Box1",
			"from": [ 6.25, 17.75, 22 ],
			"to": [ 9.75, 21.25, 23 ],
			"faces": {
				"down": { "uv": [ 0, 16, 6.5, 15 ], "texture": "#texture" },
				"up": { "uv": [ 0, 15, 6, 16 ], "texture": "#texture" },
				"north": { "uv": [ 4.5, 15, 10, 16 ], "texture": "#texture" },
				"south": { "uv": [ 7.5, 15, 11, 16 ], "texture": "#texture" },
				"west": { "uv": [ 0, 15, 6, 16 ], "texture": "#texture", "rotation": 270 },
				"east": { "uv": [ 7, 15, 12.5, 16 ], "texture": "#texture", "rotation": 90 }
			}
		},
		{
			"__comment": "Box1",
			"from": [ 6.25, 17.75, 24 ],
			"to": [ 9.75, 21.25, 27 ],
			"faces": {
				"down": { "uv": [ 0, 0, 10.5, 4.5 ], "texture": "#texture" },
				"up": { "uv": [ 0, 5, 7, 8 ], "texture": "#texture" },
				"north": { "uv": [ 0, 0, 8, 5 ], "texture": "#texture" },
				"south": { "uv": [ 0, 0, 5, 4.5 ], "texture": "#texture" },
				"west": { "uv": [ 0, 0, 7, 3.5 ], "texture": "#texture", "rotation": 270 },
				"east": { "uv": [ 0, 0, 6.5, 3.5 ], "texture": "#texture", "rotation": 90 }
			}
		}
	],
	"display": {
		"thirdperson_righthand": {
			"rotation":  [  0, 0, 0 ],
			"translation":  [ -3, 0, 20 ],
			"scale":  [ 0.1, 0.1, 0.1 ]
		},
		"thirdperson_lefthand": {
			"rotation":  [  0, 0, 0 ],
			"translation":  [ -3, 0, 20 ],
			"scale":  [ 0.1, 0.1, 0.1 ]
		},
		"firstperson_righthand": {
			"rotation":  [  0, 0, 0 ],
			"translation":  [ 0, 0, 0 ],
			"scale":  [ 0.68, 0.68, 0.68 ]
		},
		"firstperson_lefthand": {
			"rotation":  [  0, 0, 0 ],
			"translation":  [ 0, 0, 0 ],
			"scale":  [ 0.68, 0.68, 0.68 ]
		},
		"gui": {
			"rotation":  [  0, 0, 0 ],
			"translation":  [ 0, 0, 0 ],
			"scale":  [ 0.5912, 0.5912, 0.5912 ]
		},
		"ground": {
			"rotation":  [  0, 0, 0 ],
			"translation":  [ 0, 0, 0 ],
			"scale":  [ 0.4, 0.4, 0.4 ]
		},
		"fixed": {
			"rotation":  [  0, 0, 0 ],
			"translation":  [ 0, 0, 0 ],
			"scale":  [ 0.5477, 0.5477, 0.5477 ]
		}
	}
}